{
	"format_version": "1.8.0",
	"animations": {
		"animation.poke.end_crystal.first_person_hold": {
			"loop": true,
			"bones": {
				"root_item": {
					"rotation": [90, 56, -32],
					"position": [9, 18, 5]
				}
			}
		},
		"animation.poke.end_crystal.third_person_hold": {
			"loop": true,
			"animation_length": 4,
			"bones": {
				"root_item": {
					"rotation": [25, 0, 0],
					"position": [0.5, 19, -2.5],
					"scale": 0.85
				},
				"bone2": {
					"rotation": {
						"0.0": {
							"post": [-1, 0, 0],
							"lerp_mode": "catmullrom"
						},
						"4.0": {
							"post": [360, 0, 0],
							"lerp_mode": "catmullrom"
						}
					}
				},
				"bone": {
					"rotation": {
						"0.0": [0, 0, 0],
						"0.2917": [0, 4.20757, 0],
						"0.5417": [0, 9.33589, 0],
						"0.75": [0, 14.91623, 0],
						"0.9167": [0, 20.41158, 0],
						"1.0833": [0, 27.0241, 0],
						"1.25": [0, 34.96478, 0],
						"1.2917": [0, 37.19652, 0],
						"1.3333": [0, 39.53447, 0],
						"1.375": [0, 41.98337, 0],
						"1.4167": [0, 44.56117, 0],
						"1.4583": [0, 47.26137, 0],
						"1.5": [0, 50.10588, 0],
						"1.5417": [0, 53.09591, 0],
						"1.5833": [0, 56.23728, 0],
						"1.625": [0, 59.56013, 0],
						"1.6667": [0, 63.06175, 0],
						"1.7083": [0, 66.75841, 0],
						"1.75": [0, 70.66797, 0],
						"1.7917": [0, 74.80961, 0],
						"1.8333": [0, 79.20376, 0],
						"1.875": [0, 83.87217, 0],
						"1.9167": [0, 88.83782, 0],
						"1.9583": [0, 94.14239, 0],
						"2.0": [0, 99.80721, 0],
						"2.0417": [0, 105.88073, 0],
						"2.0833": [0, 112.39767, 0],
						"2.125": [0, 119.41213, 0],
						"2.1667": [0, 126.97812, 0],
						"2.2083": [0, 135.14668, 0],
						"2.25": [0, 143.98948, 0],
						"2.2917": [0, 153.5461, 0],
						"2.3333": [0, 163.85507, 0],
						"2.375": [0, 174.91327, 0],
						"2.4167": [0, 186.6639, 0],
						"2.4583": [0, 198.95466, 0],
						"2.5417": [0, 224.10171, 0],
						"2.5833": [0, 236.3019, 0],
						"2.625": [0, 247.86137, 0],
						"2.6667": [0, 258.59766, 0],
						"2.7083": [0, 268.42318, 0],
						"2.75": [0, 277.34463, 0],
						"2.7917": [0, 285.40781, 0],
						"2.8333": [0, 292.68729, 0],
						"2.875": [0, 299.24577, 0],
						"2.9167": [0, 305.17485, 0],
						"2.9583": [0, 310.54168, 0],
						"3.0": [0, 315.41005, 0],
						"3.0417": [0, 319.83414, 0],
						"3.0833": [0, 323.8543, 0],
						"3.125": [0, 327.52523, 0],
						"3.1667": [0, 330.87833, 0],
						"3.2083": [0, 333.93604, 0],
						"3.25": [0, 336.73528, 0],
						"3.2917": [0, 339.29836, 0],
						"3.3333": [0, 341.64597, 0],
						"3.375": [0, 343.79718, 0],
						"3.4167": [0, 345.76111, 0],
						"3.4583": [0, 347.55608, 0],
						"3.5": [0, 349.20071, 0],
						"3.5417": [0, 350.70094, 0],
						"3.5833": [0, 352.06308, 0],
						"3.625": [0, 353.30832, 0],
						"3.6667": [0, 354.42763, 0],
						"3.7083": [0, 355.44571, 0],
						"3.875": [0, 358.54035, 0],
						"4.0": [0, 360, 0]
					}
				},
				"bone3": {
					"rotation": {
						"0.0": {
							"post": [0, 0, -4],
							"lerp_mode": "catmullrom"
						},
						"4.0": {
							"post": [0, 0, -360],
							"lerp_mode": "catmullrom"
						}
					}
				},
				"Root": {
					"position": [-7, 0, 0]
				},
				"bone4": {
					"rotation": {
						"0.0": [0, 0, 0],
						"1.0": [-34.57857, -33.56687, -34.00547],
						"2.0": [0, 0, 0],
						"3.0417": [45.5, 46, 44],
						"4.0": [0, 0, 0]
					}
				}
			},
			"particle_effects": {}
		}
	}
}