{
	"format_version": "1.8.0",
	"animations": {
		"animation.poke_pfe.ferret.first_person_hold": {
			"loop": true,
			"bones": {
				"root_item": {
					"rotation": [90, 56, -32],
					"position": [9, 18, 5]
				},
				"Head": {
					"scale": 0
				}
			}
		},
		"animation.poke_pfe.ferret.third_person_hold": {
			"loop": true,
			"animation_length": 5.4167,
			"bones": {
				"root_item": {
					"rotation": [25, 0, 0],
					"position": [0.5, 19, -2.5],
					"scale": 0.85
				},
				"bone5": {
					"rotation": {
						"0.0": [0, 0, 0],
						"1.375": [-29.99016, 44.03582, -32.43392],
						"1.875": [-30.84717, 21.9803, -41.39314],
						"2.7083": [-29.99016, 44.03582, -32.43392],
						"3.6667": [0, 0, 0],
						"5.4167": [0, 0, 0]
					}
				},
				"bone": {
					"position": [6, 8.69333, -2.32937]
				},
				"bone6": {
					"rotation": {
						"0.0": [0, 0, 0],
						"2.2083": [-7.36926, 12.95254, -59.13252],
						"4.375": [-1.59708, 0.60251, -6.21385],
						"4.9167": [-8.23443, 12.52464, -59.6624],
						"5.4167": [0, 0, 0]
					}
				}
			}
		}
	}
}